"system_object_id";"global_id";"NumberOfPersons";"Year";"Month";"Name";"ID";
"1";"37750254";"252";"2015";"январь";"Мария";"1";
"2";"37750255";"224";"2015";"январь";"Анастасия";"2";
"3";"37750256";"190";"2015";"январь";"Анна";"3";
"4";"37750257";"190";"2015";"январь";"Варвара";"4";
"5";"37750258";"186";"2015";"январь";"Виктория";"5";
"6";"62368403";"176";"2015";"январь";"Полина";"6";
"7";"62368404";"175";"2015";"январь";"Алиса";"7";
"8";"62368405";"172";"2015";"январь";"София";"8";
"9";"62368406";"165";"2015";"январь";"Елизавета";"9";
"10";"62368407";"156";"2015";"январь";"Дарья";"10";
"11";"62368408";"147";"2015";"январь";"Александра";"11";
"12";"62368409";"146";"2015";"январь";"Ксения";"12";
"13";"62368410";"118";"2015";"январь";"Екатерина";"13";
"14";"62368411";"112";"2015";"январь";"Арина";"14";
"15";"62368412";"103";"2015";"январь";"Софья";"15";
"16";"62368413";"101";"2015";"январь";"Милана";"16";
"17";"62368414";"98";"2015";"январь";"Вероника";"17";
"18";"62368415";"97";"2015";"январь";"Валерия";"18";
"19";"62368416";"97";"2015";"январь";"Василиса";"19";
"20";"62368417";"90";"2015";"январь";"Ева";"20";
"21";"62368418";"68";"2015";"январь";"Ульяна";"21";
"22";"62368419";"63";"2015";"январь";"Кира";"22";
"23";"62368420";"56";"2015";"январь";"Татьяна";"23";
"24";"62368421";"55";"2015";"январь";"Маргарита";"24";
"25";"62368422";"55";"2015";"январь";"Таисия";"25";
"26";"62368423";"52";"2015";"январь";"Алёна";"26";
"27";"62368424";"48";"2015";"январь";"Кристина";"27";
"28";"62368425";"48";"2015";"январь";"Алина";"28";
"29";"62368426";"46";"2015";"январь";"Ольга";"29";
"30";"62368427";"45";"2015";"январь";"Вера";"30";
"31";"62368428";"42";"2015";"январь";"Евгения";"31";
"32";"62368429";"41";"2015";"январь";"Юлия";"32";
"33";"62368430";"38";"2015";"январь";"Ангелина";"33";
"34";"62368431";"36";"2015";"январь";"Ирина";"34";
"35";"62368432";"35";"2015";"январь";"Мирослава";"35";
"36";"62368433";"34";"2015";"январь";"Амина";"36";
"37";"62368434";"32";"2015";"январь";"Злата";"37";
"38";"62368435";"31";"2015";"январь";"Диана";"38";
"39";"62368436";"28";"2015";"январь";"Элина";"39";
"40";"62368437";"27";"2015";"январь";"Эмилия";"40";
"41";"62368438";"23";"2015";"январь";"Майя";"41";
"42";"62368439";"22";"2015";"январь";"Марьям";"42";
"43";"62368440";"21";"2015";"январь";"Яна";"43";
"44";"62368441";"19";"2015";"январь";"Елена";"44";
"45";"62368443";"19";"2015";"январь";"Милена";"45";
"46";"62368444";"18";"2015";"январь";"Надежда";"46";
"47";"62368445";"17";"2015";"январь";"Ника";"47";
"48";"62368446";"16";"2015";"январь";"Сафия";"48";
"49";"62368448";"16";"2015";"январь";"Дарина";"49";
"50";"62368449";"15";"2015";"январь";"Ясмина";"50";
"51";"62368450";"15";"2015";"январь";"Антонина";"51";
"52";"62368452";"14";"2015";"январь";"Марина";"52";
"53";"62368453";"14";"2015";"январь";"Николь";"53";
"54";"62368454";"14";"2015";"январь";"Агата";"54";
"55";"62368455";"13";"2015";"январь";"Карина";"55";
"56";"62368456";"13";"2015";"январь";"Камилла";"56";
"57";"62368457";"13";"2015";"январь";"Стефания";"57";
"58";"62368458";"13";"2015";"январь";"Есения";"58";
"59";"62368459";"13";"2015";"январь";"Нина";"59";
"60";"62368460";"12";"2015";"январь";"Наталья";"60";
"61";"62368461";"12";"2015";"январь";"Олеся";"61";
"62";"62368462";"11";"2015";"январь";"Ариана";"62";
"63";"62368463";"11";"2015";"январь";"Светлана";"63";
"64";"62368464";"11";"2015";"январь";"Мадина";"64";
"65";"62368465";"11";"2015";"январь";"Евангелина";"65";
"66";"62368466";"11";"2015";"январь";"Аделина";"66";
"67";"62368467";"11";"2015";"январь";"Мелания";"67";
"68";"62368468";"10";"2015";"январь";"Камила";"68";
"69";"62368469";"10";"2015";"январь";"Анжелика";"69";
"70";"62368470";"9";"2015";"январь";"Малика";"70";
"71";"62368471";"9";"2015";"январь";"Амелия";"71";
"72";"62368472";"9";"2015";"январь";"Фатима";"72";
"73";"62368473";"9";"2015";"январь";"Серафима";"73";
"74";"62368474";"9";"2015";"январь";"Каролина";"74";
"75";"62368476";"8";"2015";"январь";"Снежана";"75";
"76";"62368477";"8";"2015";"январь";"Ярослава";"76";
"77";"62368478";"8";"2015";"январь";"Аиша";"77";
"78";"62368479";"8";"2015";"январь";"Адель";"78";
"79";"62368480";"8";"2015";"январь";"Лидия";"79";
"80";"62368481";"8";"2015";"январь";"Владислава";"80";
"81";"62368482";"8";"2015";"январь";"Зоя";"81";
"82";"62368483";"8";"2015";"январь";"Марьяна";"82";
"83";"62368484";"8";"2015";"январь";"Валентина";"83";
"84";"62368485";"8";"2015";"январь";"Лилия";"84";
"85";"62368486";"8";"2015";"январь";"Станислава";"85";
"86";"62368487";"8";"2015";"январь";"Эвелина";"86";
"87";"62368488";"7";"2015";"январь";"Любовь";"87";
"88";"62368489";"7";"2015";"январь";"Амалия";"88";
"89";"62368490";"7";"2015";"январь";"Даниэла";"89";
"90";"62368491";"7";"2015";"январь";"Людмила";"90";
"91";"62368492";"7";"2015";"январь";"Алеся";"91";
"92";"62368493";"7";"2015";"январь";"Тамара";"92";
"93";"62368494";"7";"2015";"январь";"Ясмин";"93";
"94";"62368495";"7";"2015";"январь";"Мила";"94";
"95";"62368496";"7";"2015";"январь";"Анфиса";"95";
"96";"62368497";"7";"2015";"январь";"Агния";"96";
"97";"62368498";"7";"2015";"январь";"Альбина";"97";
"98";"62368499";"6";"2015";"январь";"Мелисса";"98";
"99";"62368500";"6";"2015";"январь";"Алисия";"99";
"100";"62368501";"6";"2015";"январь";"Алия";"100";
"101";"62368503";"286";"2015";"февраль";"Мария";"101";
"102";"62368504";"215";"2015";"февраль";"Анастасия";"102";
"103";"62368505";"202";"2015";"февраль";"Анна";"103";
"104";"62368506";"201";"2015";"февраль";"Ксения";"104";
"105";"62368507";"173";"2015";"февраль";"Виктория";"105";
"106";"62368508";"170";"2015";"февраль";"София";"106";
"107";"62368509";"169";"2015";"февраль";"Елизавета";"107";
"108";"62368510";"168";"2015";"февраль";"Алиса";"108";
"109";"62368511";"161";"2015";"февраль";"Дарья";"109";
"110";"62368512";"161";"2015";"февраль";"Полина";"110";
"111";"62368513";"135";"2015";"февраль";"Александра";"111";
"112";"62368514";"130";"2015";"февраль";"Варвара";"112";
"113";"62368515";"129";"2015";"февраль";"Екатерина";"113";
"114";"62368516";"115";"2015";"февраль";"Арина";"114";
"115";"62368517";"110";"2015";"февраль";"Василиса";"115";
"116";"62368518";"97";"2015";"февраль";"Вероника";"116";
"117";"62368519";"93";"2015";"февраль";"Валерия";"117";
"118";"62368520";"90";"2015";"февраль";"Милана";"118";
"119";"62368521";"86";"2015";"февраль";"Софья";"119";
"120";"62368522";"82";"2015";"февраль";"Ева";"120";
"121";"62368523";"64";"2015";"февраль";"Татьяна";"121";
"122";"62368524";"60";"2015";"февраль";"Кира";"122";
"123";"62368525";"58";"2015";"февраль";"Ульяна";"123";
"124";"62368526";"54";"2015";"февраль";"Алина";"124";
"125";"62368527";"52";"2015";"февраль";"Алёна";"125";
"126";"62368528";"50";"2015";"февраль";"Маргарита";"126";
"127";"62368529";"49";"2015";"февраль";"Таисия";"127";
"128";"62368530";"48";"2015";"февраль";"Ольга";"128";
"129";"62368531";"47";"2015";"февраль";"Вера";"129";
"130";"62368532";"45";"2015";"февраль";"Кристина";"130";
"131";"62368533";"40";"2015";"февраль";"Диана";"131";
"132";"62368534";"34";"2015";"февраль";"Яна";"132";
"133";"62368535";"31";"2015";"февраль";"Мирослава";"133";
"134";"62368536";"30";"2015";"февраль";"Амина";"134";
"135";"62368537";"28";"2015";"февраль";"Ангелина";"135";
"136";"62368538";"26";"2015";"февраль";"Ирина";"136";
"137";"62368539";"26";"2015";"февраль";"Юлия";"137";
"138";"62368540";"26";"2015";"февраль";"Евгения";"138";
"139";"62368541";"23";"2015";"февраль";"Эмилия";"139";
"140";"62368542";"21";"2015";"февраль";"Светлана";"140";
"141";"62368543";"21";"2015";"февраль";"Агния";"141";
"142";"62368544";"20";"2015";"февраль";"Агата";"142";
"143";"62368545";"20";"2015";"февраль";"Елена";"143";
"144";"62368546";"19";"2015";"февраль";"Злата";"144";
"145";"62368547";"18";"2015";"февраль";"Надежда";"145";
"146";"62368548";"17";"2015";"февраль";"Ярослава";"146";
"147";"62368549";"17";"2015";"февраль";"Ника";"147";
"148";"62368550";"16";"2015";"февраль";"Марина";"148";
"149";"62368551";"16";"2015";"февраль";"Сафия";"149";
"150";"62368552";"16";"2015";"февраль";"Нина";"150";
"151";"62368553";"15";"2015";"февраль";"Элина";"151";
"152";"62368554";"15";"2015";"февраль";"Дарина";"152";
"153";"62368555";"14";"2015";"февраль";"Аделина";"153";
"154";"62368556";"14";"2015";"февраль";"Есения";"154";
"155";"62368557";"14";"2015";"февраль";"Мадина";"155";
"156";"62368558";"13";"2015";"февраль";"Наталья";"156";
"157";"62368559";"13";"2015";"февраль";"Ариана";"157";
"158";"62368560";"13";"2015";"февраль";"Николь";"158";
"159";"62368561";"13";"2015";"февраль";"Марьям";"159";
"160";"62368562";"12";"2015";"февраль";"Олеся";"160";
"161";"62368563";"11";"2015";"февраль";"Малика";"161";
"162";"62368564";"11";"2015";"февраль";"Карина";"162";
"163";"62368565";"11";"2015";"февраль";"Милена";"163";
"164";"62368567";"11";"2015";"февраль";"Майя";"164";
"165";"62368568";"10";"2015";"февраль";"Марта";"165";
"166";"62368569";"10";"2015";"февраль";"Айлин";"166";
"167";"62368571";"10";"2015";"февраль";"Марианна";"167";
"168";"62368572";"10";"2015";"февраль";"Фатима";"168";
"169";"62368573";"10";"2015";"февраль";"Амелия";"169";
"170";"62368574";"10";"2015";"февраль";"Лилия";"170";
"171";"62368575";"9";"2015";"февраль";"Ясмина";"171";
"172";"62368576";"9";"2015";"февраль";"Стефания";"172";
"173";"62368578";"9";"2015";"февраль";"Владислава";"173";
"174";"62368579";"9";"2015";"февраль";"Лейла";"174";
"175";"62368580";"8";"2015";"февраль";"Каролина";"175";
"176";"62368581";"8";"2015";"февраль";"Моника";"176";
"177";"62368582";"8";"2015";"февраль";"Виталина";"177";
"178";"62368583";"8";"2015";"февраль";"Сабина";"178";
"179";"62368585";"8";"2015";"февраль";"Лада";"179";
"180";"62368586";"8";"2015";"февраль";"Марьяна";"180";
"181";"62368587";"8";"2015";"февраль";"Влада";"181";
"182";"62368588";"8";"2015";"февраль";"Оливия";"182";
"183";"62368589";"7";"2015";"февраль";"Сумая";"183";
"184";"62368590";"7";"2015";"февраль";"Амира";"184";
"185";"62368592";"7";"2015";"февраль";"Анжелика";"185";
"186";"62368593";"7";"2015";"февраль";"Лидия";"186";
"187";"62368594";"7";"2015";"февраль";"Камилла";"187";
"188";"62368595";"7";"2015";"февраль";"Тамара";"188";
"189";"62368596";"7";"2015";"февраль";"Серафима";"189";
"190";"62368597";"7";"2015";"февраль";"Евангелина";"190";
"191";"62368598";"6";"2015";"февраль";"Алла";"191";
"192";"62368600";"6";"2015";"февраль";"Мила";"192";
"193";"62368601";"6";"2015";"февраль";"Наталия";"193";
"194";"62368602";"6";"2015";"февраль";"Алия";"194";
"195";"62368603";"6";"2015";"февраль";"Аиша";"195";
"196";"62368604";"6";"2015";"февраль";"Нелли";"196";
"197";"62368605";"6";"2015";"февраль";"Антонина";"197";
"198";"62368606";"6";"2015";"февраль";"Станислава";"198";
"199";"62368607";"6";"2015";"февраль";"Сумайя";"199";
"200";"62368608";"6";"2015";"февраль";"Зоя";"200";
"201";"62368609";"243";"2015";"март";"Мария";"201";
"202";"62368610";"230";"2015";"март";"Анна";"202";
"203";"62368611";"216";"2015";"март";"Анастасия";"203";
"204";"62368612";"211";"2015";"март";"Виктория";"204";
"205";"62368613";"194";"2015";"март";"София";"205";
"206";"62368614";"189";"2015";"март";"Алиса";"206";
"207";"62368615";"177";"2015";"март";"Дарья";"207";
"208";"62368616";"173";"2015";"март";"Полина";"208";
"209";"62368617";"167";"2015";"март";"Елизавета";"209";
"210";"62368618";"160";"2015";"март";"Екатерина";"210";
"211";"62368619";"141";"2015";"март";"Александра";"211";
"212";"62368620";"139";"2015";"март";"Ксения";"212";
"213";"62368622";"139";"2015";"март";"Варвара";"213";
"214";"62368623";"119";"2015";"март";"Василиса";"214";
"215";"62368624";"117";"2015";"март";"Вероника";"215";
"216";"62368625";"109";"2015";"март";"Арина";"216";
"217";"62368626";"98";"2015";"март";"Валерия";"217";
"218";"62368627";"97";"2015";"март";"Милана";"218";
"219";"62368628";"91";"2015";"март";"Софья";"219";
"220";"62368629";"90";"2015";"март";"Кира";"220";
"221";"62368630";"88";"2015";"март";"Ева";"221";
"222";"62368631";"69";"2015";"март";"Алёна";"222";
"223";"62368632";"68";"2015";"март";"Ульяна";"223";
"224";"62368633";"59";"2015";"март";"Вера";"224";
"225";"62368634";"55";"2015";"март";"Ольга";"225";
"226";"62368635";"55";"2015";"март";"Маргарита";"226";
"227";"62368636";"55";"2015";"март";"Алина";"227";
"228";"62368637";"47";"2015";"март";"Диана";"228";
"229";"62368638";"44";"2015";"март";"Кристина";"229";
"230";"62368639";"43";"2015";"март";"Таисия";"230";
"231";"62368640";"42";"2015";"март";"Юлия";"231";
"232";"62368641";"38";"2015";"март";"Яна";"232";
"233";"62368642";"36";"2015";"март";"Ирина";"233";
"234";"62368644";"33";"2015";"март";"Амина";"234";
"235";"62368645";"32";"2015";"март";"Мирослава";"235";
"236";"62368646";"30";"2015";"март";"Марина";"236";
"237";"62368647";"30";"2015";"март";"Ангелина";"237";
"238";"62368648";"29";"2015";"март";"Евгения";"238";
"239";"62368649";"29";"2015";"март";"Татьяна";"239";
"240";"62368650";"28";"2015";"март";"Елена";"240";
"241";"62368651";"27";"2015";"март";"Злата";"241";
"242";"62368652";"26";"2015";"март";"Ника";"242";
"243";"62368653";"23";"2015";"март";"Надежда";"243";
"244";"62368654";"22";"2015";"март";"Марта";"244";
"245";"62368655";"18";"2015";"март";"Элина";"245";
"246";"62368656";"18";"2015";"март";"Олеся";"246";
"247";"62368657";"17";"2015";"март";"Светлана";"247";
"248";"62368658";"17";"2015";"март";"Николь";"248";
"249";"62368659";"17";"2015";"март";"Аделина";"249";
"250";"62368660";"16";"2015";"март";"Милена";"250";
"251";"62368661";"16";"2015";"март";"Евдокия";"251";
"252";"62368662";"16";"2015";"март";"Дарина";"252";
"253";"62368663";"16";"2015";"март";"Ясмина";"253";
"254";"62368664";"15";"2015";"март";"Стефания";"254";
"255";"62368665";"15";"2015";"март";"Марианна";"255";
"256";"62368666";"15";"2015";"март";"Есения";"256";
"257";"62368667";"15";"2015";"март";"Зоя";"257";
"258";"62368668";"15";"2015";"март";"Валентина";"258";
"259";"62368669";"15";"2015";"март";"Владислава";"259";
"260";"62368670";"15";"2015";"март";"Агния";"260";
"261";"62368671";"15";"2015";"март";"Майя";"261";
"262";"62368672";"15";"2015";"март";"Ярослава";"262";
"263";"62368673";"14";"2015";"март";"Агата";"263";
"264";"62368674";"14";"2015";"март";"Раяна";"264";
"265";"62368675";"13";"2015";"март";"Нина";"265";
"266";"62368676";"13";"2015";"март";"Эмилия";"266";
"267";"62368677";"13";"2015";"март";"Алия";"267";
"268";"62368678";"12";"2015";"март";"Самира";"268";
"269";"62368679";"12";"2015";"март";"Сафия";"269";
"270";"62368680";"12";"2015";"март";"Лилия";"270";
"271";"62368681";"12";"2015";"март";"Антонина";"271";
"272";"62368682";"11";"2015";"март";"Малика";"272";
"273";"62368683";"11";"2015";"март";"Наталья";"273";
"274";"62368685";"11";"2015";"март";"Амелия";"274";
"275";"62368686";"10";"2015";"март";"Мадина";"275";
"276";"62368687";"10";"2015";"март";"Лада";"276";
"277";"62368688";"10";"2015";"март";"Сабина";"277";
"278";"62368690";"10";"2015";"март";"Лидия";"278";
"279";"62368691";"10";"2015";"март";"Камилла";"279";
"280";"62368692";"10";"2015";"март";"Аниса";"280";
"281";"62368693";"9";"2015";"март";"Карина";"281";
"282";"62368695";"9";"2015";"март";"Ариана";"282";
"283";"62368696";"9";"2015";"март";"Виолетта";"283";
"284";"62368697";"9";"2015";"март";"Марьяна";"284";
"285";"62368698";"8";"2015";"март";"Юлиана";"285";
"286";"62368700";"8";"2015";"март";"Алеся";"286";
"287";"62368701";"8";"2015";"март";"Любовь";"287";
"288";"62368702";"8";"2015";"март";"Мила";"288";
"289";"62368703";"8";"2015";"март";"Серафима";"289";
"290";"62368705";"7";"2015";"март";"Камила";"290";
"291";"62368706";"7";"2015";"март";"Альбина";"291";
"292";"62368707";"7";"2015";"март";"Марьям";"292";
"293";"62368708";"7";"2015";"март";"Станислава";"293";
"294";"62368709";"7";"2015";"март";"Амира";"294";
"295";"62368710";"7";"2015";"март";"Пелагея";"295";
"296";"62368711";"6";"2015";"март";"Жасмина";"296";
"297";"62368712";"6";"2015";"март";"Арууке";"297";
"298";"62368713";"6";"2015";"март";"Эмма";"298";
"299";"62368714";"6";"2015";"март";"Аделя";"299";
"300";"62368715";"6";"2015";"март";"Дана";"300";
"301";"62368716";"314";"2015";"апрель";"Мария";"301";
"302";"62368717";"214";"2015";"апрель";"Анастасия";"302";
"303";"62368718";"206";"2015";"апрель";"София";"303";
"304";"62368719";"205";"2015";"апрель";"Виктория";"304";
"305";"62368720";"202";"2015";"апрель";"Анна";"305";
"306";"62368721";"191";"2015";"апрель";"Дарья";"306";
"307";"62368723";"188";"2015";"апрель";"Полина";"307";
"308";"62368724";"178";"2015";"апрель";"Алиса";"308";
"309";"62368725";"171";"2015";"апрель";"Елизавета";"309";
"310";"62368726";"167";"2015";"апрель";"Варвара";"310";
"311";"62368727";"161";"2015";"апрель";"Александра";"311";
"312";"62368728";"157";"2015";"апрель";"Екатерина";"312";
"313";"62368729";"120";"2015";"апрель";"Арина";"313";
"314";"62368730";"119";"2015";"апрель";"Ксения";"314";
"315";"62368731";"116";"2015";"апрель";"Василиса";"315";
"316";"62368732";"105";"2015";"апрель";"Валерия";"316";
"317";"62368733";"99";"2015";"апрель";"Софья";"317";
"318";"62368734";"86";"2015";"апрель";"Вероника";"318";
"319";"62368735";"84";"2015";"апрель";"Ева";"319";
"320";"62368736";"84";"2015";"апрель";"Милана";"320";
"321";"62368737";"81";"2015";"апрель";"Ульяна";"321";
"322";"62368738";"77";"2015";"апрель";"Маргарита";"322";
"323";"62368739";"73";"2015";"апрель";"Вера";"323";
"324";"62368740";"70";"2015";"апрель";"Кира";"324";
"325";"62368741";"55";"2015";"апрель";"Кристина";"325";
"326";"62368742";"53";"2015";"апрель";"Таисия";"326";
"327";"62368744";"51";"2015";"апрель";"Юлия";"327";
"328";"62368745";"46";"2015";"апрель";"Алёна";"328";
"329";"62368746";"43";"2015";"апрель";"Ольга";"329";
"330";"62368747";"43";"2015";"апрель";"Алина";"330";
"331";"62368748";"37";"2015";"апрель";"Мирослава";"331";
"332";"62368749";"36";"2015";"апрель";"Ника";"332";
"333";"62368750";"36";"2015";"апрель";"Диана";"333";
"334";"62368751";"36";"2015";"апрель";"Амина";"334";
"335";"62368752";"35";"2015";"апрель";"Ирина";"335";
"336";"62368753";"34";"2015";"апрель";"Злата";"336";
"337";"62368754";"32";"2015";"апрель";"Татьяна";"337";
"338";"62368755";"31";"2015";"апрель";"Елена";"338";
"339";"62368756";"30";"2015";"апрель";"Надежда";"339";
"340";"62368757";"30";"2015";"апрель";"Яна";"340";
"341";"62368758";"27";"2015";"апрель";"Евгения";"341";
"342";"62368759";"26";"2015";"апрель";"Ярослава";"342";
"343";"62368760";"25";"2015";"апрель";"Марина";"343";
"344";"62368761";"24";"2015";"апрель";"Ангелина";"344";
"345";"62368762";"22";"2015";"апрель";"Светлана";"345";
"346";"62368763";"20";"2015";"апрель";"Майя";"346";
"347";"62368764";"20";"2015";"апрель";"Элина";"347";
"348";"62368765";"19";"2015";"апрель";"Стефания";"348";
"349";"62368766";"18";"2015";"апрель";"Есения";"349";
"350";"62368767";"18";"2015";"апрель";"Сафия";"350";
"351";"62368768";"18";"2015";"апрель";"Карина";"351";
"352";"62368769";"17";"2015";"апрель";"Милена";"352";
"353";"62368770";"17";"2015";"апрель";"Эмилия";"353";
"354";"62368771";"16";"2015";"апрель";"Наталья";"354";
"355";"62368773";"16";"2015";"апрель";"Аделина";"355";
"356";"62368774";"16";"2015";"апрель";"Лидия";"356";
"357";"62368775";"15";"2015";"апрель";"Дарина";"357";
"358";"62368776";"15";"2015";"апрель";"Олеся";"358";
"359";"62368777";"15";"2015";"апрель";"Лилия";"359";
"360";"62368778";"14";"2015";"апрель";"Зоя";"360";
"361";"62368779";"14";"2015";"апрель";"Марта";"361";
"362";"62368780";"14";"2015";"апрель";"Марьям";"362";
"363";"62368781";"14";"2015";"апрель";"Агата";"363";
"364";"62368782";"13";"2015";"апрель";"Николь";"364";
"365";"62368783";"13";"2015";"апрель";"Антонина";"365";
"366";"62368784";"12";"2015";"апрель";"Ариана";"366";
"367";"62368785";"12";"2015";"апрель";"Любовь";"367";
"368";"62368786";"12";"2015";"апрель";"Фатима";"368";
"369";"62368787";"12";"2015";"апрель";"Алия";"369";
"370";"62368788";"12";"2015";"апрель";"Владислава";"370";
"371";"62368789";"11";"2015";"апрель";"Евангелина";"371";
"372";"62368790";"11";"2015";"апрель";"Амелия";"372";
"373";"62368791";"11";"2015";"апрель";"Валентина";"373";
"374";"62368792";"10";"2015";"апрель";"Нина";"374";
"375";"62368793";"10";"2015";"апрель";"Марианна";"375";
"376";"62368794";"10";"2015";"апрель";"Малика";"376";
"377";"62368795";"10";"2015";"апрель";"Агния";"377";
"378";"62368796";"9";"2015";"апрель";"Евдокия";"378";
"379";"62368797";"9";"2015";"апрель";"Камилла";"379";
"380";"62368798";"8";"2015";"апрель";"Мила";"380";
"381";"62368799";"8";"2015";"апрель";"Лейла";"381";
"382";"62368800";"8";"2015";"апрель";"Каролина";"382";
"383";"62368801";"8";"2015";"апрель";"Людмила";"383";
"384";"62368802";"8";"2015";"апрель";"Лада";"384";
"385";"62368804";"8";"2015";"апрель";"Аглая";"385";
"386";"62368805";"8";"2015";"апрель";"Мадина";"386";
"387";"62368806";"8";"2015";"апрель";"Марьяна";"387";
"388";"62368807";"8";"2015";"апрель";"Алеся";"388";
"389";"62368808";"8";"2015";"апрель";"Самира";"389";
"390";"62368809";"7";"2015";"апрель";"Влада";"390";
"391";"62368810";"7";"2015";"апрель";"Амира";"391";
"392";"62368811";"7";"2015";"апрель";"Луиза";"392";
"393";"62368812";"7";"2015";"апрель";"Ясмина";"393";
"394";"62368813";"7";"2015";"апрель";"Нелли";"394";
"395";"62368814";"7";"2015";"апрель";"Василина";"395";
"396";"62368815";"7";"2015";"апрель";"Аврора";"396";
"397";"62368816";"7";"2015";"апрель";"Дина";"397";
"398";"62368817";"6";"2015";"апрель";"Серафима";"398";
"399";"62368818";"6";"2015";"апрель";"Алла";"399";
"400";"62368819";"6";"2015";"апрель";"Алисия";"400";
"401";"62368820";"256";"2015";"май";"Мария";"401";
"402";"62368821";"244";"2015";"май";"Виктория";"402";
"403";"62368822";"213";"2015";"май";"Елизавета";"403";
"404";"62368823";"187";"2015";"май";"София";"404";
"405";"62368824";"184";"2015";"май";"Дарья";"405";
"406";"62368825";"175";"2015";"май";"Анна";"406";
"407";"62368826";"167";"2015";"май";"Анастасия";"407";
"408";"62368827";"164";"2015";"май";"Александра";"408";
"409";"62368828";"161";"2015";"май";"Полина";"409";
"410";"62368829";"154";"2015";"май";"Алиса";"410";
"411";"62368830";"148";"2015";"май";"Екатерина";"411";
"412";"62368831";"139";"2015";"май";"Варвара";"412";
"413";"62368832";"127";"2015";"май";"Арина";"413";
"414";"62368833";"115";"2015";"май";"Ксения";"414";
"415";"62368834";"110";"2015";"май";"Вероника";"415";
"416";"62368835";"108";"2015";"май";"Софья";"416";
"417";"62368836";"106";"2015";"май";"Василиса";"417";
"418";"62368837";"105";"2015";"май";"Валерия";"418";
"419";"62368838";"92";"2015";"май";"Ева";"419";
"420";"62368839";"89";"2015";"май";"Милана";"420";
"421";"62368840";"76";"2015";"май";"Таисия";"421";
"422";"62368841";"73";"2015";"май";"Алёна";"422";
"423";"62368842";"69";"2015";"май";"Вера";"423";
"424";"62368843";"58";"2015";"май";"Диана";"424";
"425";"62368844";"55";"2015";"май";"Ульяна";"425";
"426";"62368845";"54";"2015";"май";"Кристина";"426";
"427";"62368846";"51";"2015";"май";"Маргарита";"427";
"428";"62368847";"50";"2015";"май";"Кира";"428";
"429";"62368848";"48";"2015";"май";"Ольга";"429";
"430";"62368850";"47";"2015";"май";"Майя";"430";
"431";"62368851";"45";"2015";"май";"Алина";"431";
"432";"62368852";"40";"2015";"май";"Ирина";"432";
"433";"62368853";"37";"2015";"май";"Амина";"433";
"434";"62368854";"33";"2015";"май";"Юлия";"434";
"435";"62368855";"31";"2015";"май";"Ника";"435";
"436";"62368856";"29";"2015";"май";"Евгения";"436";
"437";"62368857";"29";"2015";"май";"Татьяна";"437";
"438";"62368858";"29";"2015";"май";"Ярослава";"438";
"439";"62368859";"29";"2015";"май";"Яна";"439";
"440";"62368860";"28";"2015";"май";"Ангелина";"440";
"441";"62368861";"28";"2015";"май";"Сафия";"441";
"442";"62368862";"27";"2015";"май";"Злата";"442";
"443";"62368863";"26";"2015";"май";"Елена";"443";
"444";"62368864";"25";"2015";"май";"Мирослава";"444";
"445";"62368865";"25";"2015";"май";"Есения";"445";
"446";"62368866";"23";"2015";"май";"Аделина";"446";
"447";"62368867";"21";"2015";"май";"Стефания";"447";
"448";"62368868";"19";"2015";"май";"Любовь";"448";
"449";"62368869";"19";"2015";"май";"Надежда";"449";
"450";"62368870";"19";"2015";"май";"Элина";"450";
"451";"62368871";"19";"2015";"май";"Милена";"451";
"452";"62368873";"17";"2015";"май";"Нина";"452";
"453";"62368874";"16";"2015";"май";"Светлана";"453";
"454";"62368875";"16";"2015";"май";"Лидия";"454";
"455";"62368876";"15";"2015";"май";"Николь";"455";
"456";"62368877";"15";"2015";"май";"Агата";"456";
"457";"62368878";"14";"2015";"май";"Самира";"457";
"458";"62368879";"14";"2015";"май";"Лилия";"458";
"459";"62368880";"14";"2015";"май";"Наталья";"459";
"460";"62368881";"13";"2015";"май";"Эвелина";"460";
"461";"62368882";"13";"2015";"май";"Ясмина";"461";
"462";"62368883";"13";"2015";"май";"Дарина";"462";
"463";"62368884";"12";"2015";"май";"Карина";"463";
"464";"62368885";"12";"2015";"май";"Каролина";"464";
"465";"62368886";"12";"2015";"май";"Малика";"465";
"466";"62368887";"12";"2015";"май";"Лада";"466";
"467";"62368888";"12";"2015";"май";"Марина";"467";
"468";"62368889";"11";"2015";"май";"Эмилия";"468";
"469";"62368890";"11";"2015";"май";"Олеся";"469";
"470";"62368891";"10";"2015";"май";"Антонина";"470";
"471";"62368892";"10";"2015";"май";"Марианна";"471";
"472";"62368893";"10";"2015";"май";"Мадина";"472";
"473";"62368894";"10";"2015";"май";"Тамара";"473";
"474";"62368895";"10";"2015";"май";"Мила";"474";
"475";"62368896";"10";"2015";"май";"Алия";"475";
"476";"62368898";"9";"2015";"май";"Марта";"476";
"477";"62368899";"9";"2015";"май";"Серафима";"477";
"478";"62368900";"9";"2015";"май";"Зоя";"478";
"479";"62368901";"9";"2015";"май";"Анисия";"479";
"480";"62368902";"9";"2015";"май";"Ариана";"480";
"481";"62368903";"9";"2015";"май";"Сабина";"481";
"482";"62368904";"9";"2015";"май";"Анжелика";"482";
"483";"62367755";"8";"2015";"май";"Амелия";"483";
"484";"62367756";"8";"2015";"май";"Камила";"484";
"485";"62367757";"8";"2015";"май";"Евангелина";"485";
"486";"62367758";"8";"2015";"май";"Альбина";"486";
"487";"62367759";"8";"2015";"май";"Владислава";"487";
"488";"62367760";"8";"2015";"май";"Айлин";"488";
"489";"62367761";"7";"2015";"май";"Евдокия";"489";
"490";"62367762";"7";"2015";"май";"Марьям";"490";
"491";"62367763";"7";"2015";"май";"Лейла";"491";
"492";"62367764";"7";"2015";"май";"Мелисса";"492";
"493";"62367765";"7";"2015";"май";"Амира";"493";
"494";"62367766";"7";"2015";"май";"Оливия";"494";
"495";"62367767";"7";"2015";"май";"Виталина";"495";
"496";"62367768";"6";"2015";"май";"Станислава";"496";
"497";"62367769";"6";"2015";"май";"Марьяна";"497";
"498";"62367770";"6";"2015";"май";"Фатима";"498";
"499";"62367771";"6";"2015";"май";"Влада";"499";
"500";"62367772";"6";"2015";"май";"Дана";"500";
"501";"62367773";"271";"2015";"июнь";"Мария";"501";
"502";"62367774";"242";"2015";"июнь";"Анастасия";"502";
"503";"62367775";"226";"2015";"июнь";"Виктория";"503";
"504";"62367776";"217";"2015";"июнь";"София";"504";
"505";"62367777";"216";"2015";"июнь";"Анна";"505";
"506";"62367778";"214";"2015";"июнь";"Елизавета";"506";
"507";"62367779";"191";"2015";"июнь";"Алиса";"507";
"508";"62367780";"189";"2015";"июнь";"Дарья";"508";
"509";"62367781";"182";"2015";"июнь";"Александра";"509";
"510";"62367782";"161";"2015";"июнь";"Полина";"510";
"511";"62367783";"157";"2015";"июнь";"Ксения";"511";
"512";"62367784";"155";"2015";"июнь";"Варвара";"512";
"513";"62367785";"149";"2015";"июнь";"Валерия";"513";
"514";"62367786";"141";"2015";"июнь";"Екатерина";"514";
"515";"62367787";"134";"2015";"июнь";"Арина";"515";
"516";"62367789";"118";"2015";"июнь";"Вероника";"516";
"517";"62367790";"110";"2015";"июнь";"Софья";"517";
"518";"62367791";"108";"2015";"июнь";"Василиса";"518";
"519";"62367792";"103";"2015";"июнь";"Милана";"519";
"520";"62367794";"101";"2015";"июнь";"Ульяна";"520";
"521";"62367795";"99";"2015";"июнь";"Ева";"521";
"522";"62367796";"86";"2015";"июнь";"Кира";"522";
"523";"62367797";"67";"2015";"июнь";"Вера";"523";
"524";"62367798";"66";"2015";"июнь";"Маргарита";"524";
"525";"62367800";"65";"2015";"июнь";"Таисия";"525";
"526";"62367801";"62";"2015";"июнь";"Алёна";"526";
"527";"62367802";"62";"2015";"июнь";"Кристина";"527";
"528";"62367803";"59";"2015";"июнь";"Алина";"528";
"529";"62367804";"53";"2015";"июнь";"Юлия";"529";
"530";"62367805";"46";"2015";"июнь";"Елена";"530";
"531";"62367806";"45";"2015";"июнь";"Диана";"531";
"532";"62367807";"44";"2015";"июнь";"Амина";"532";
"533";"62367808";"43";"2015";"июнь";"Ольга";"533";
"534";"62367809";"42";"2015";"июнь";"Стефания";"534";
"535";"62367810";"36";"2015";"июнь";"Евгения";"535";
"536";"62367811";"34";"2015";"июнь";"Майя";"536";
"537";"62367812";"32";"2015";"июнь";"Ангелина";"537";
"538";"62367813";"30";"2015";"июнь";"Надежда";"538";
"539";"62367814";"29";"2015";"июнь";"Яна";"539";
"540";"62367815";"29";"2015";"июнь";"Марина";"540";
"541";"62367816";"28";"2015";"июнь";"Есения";"541";
"542";"62367817";"27";"2015";"июнь";"Татьяна";"542";
"543";"62367818";"27";"2015";"июнь";"Эмилия";"543";
"544";"62367819";"26";"2015";"июнь";"Мирослава";"544";
"545";"62367820";"26";"2015";"июнь";"Элина";"545";
"546";"62367821";"26";"2015";"июнь";"Злата";"546";
"547";"62367822";"25";"2015";"июнь";"Агата";"547";
"548";"62367823";"23";"2015";"июнь";"Ирина";"548";
"549";"62367824";"23";"2015";"июнь";"Ярослава";"549";
"550";"62367825";"23";"2015";"июнь";"Сафия";"550";
"551";"62367826";"22";"2015";"июнь";"Аделина";"551";
"552";"62367827";"20";"2015";"июнь";"Марьям";"552";
"553";"62367828";"18";"2015";"июнь";"Евдокия";"553";
"554";"62367829";"18";"2015";"июнь";"Антонина";"554";
"555";"62367830";"17";"2015";"июнь";"Ясмина";"555";
"556";"62367831";"17";"2015";"июнь";"Любовь";"556";
"557";"62367832";"17";"2015";"июнь";"Нина";"557";
"558";"62367834";"16";"2015";"июнь";"Олеся";"558";
"559";"62367835";"16";"2015";"июнь";"Светлана";"559";
"560";"62367836";"16";"2015";"июнь";"Ника";"560";
"561";"62367837";"16";"2015";"июнь";"Николь";"561";
"562";"62367838";"15";"2015";"июнь";"Карина";"562";
"563";"62367839";"15";"2015";"июнь";"Алия";"563";
"564";"62367840";"14";"2015";"июнь";"Лидия";"564";
"565";"62367841";"13";"2015";"июнь";"Дарина";"565";
"566";"62367842";"13";"2015";"июнь";"Милена";"566";
"567";"62367843";"13";"2015";"июнь";"Лилия";"567";
"568";"62367844";"12";"2015";"июнь";"Марьяна";"568";
"569";"62367845";"12";"2015";"июнь";"Лейла";"569";
"570";"62367846";"12";"2015";"июнь";"Мила";"570";
"571";"62367847";"11";"2015";"июнь";"Камилла";"571";
"572";"62367848";"11";"2015";"июнь";"Камила";"572";
"573";"62367849";"11";"2015";"июнь";"Зоя";"573";
"574";"62367850";"11";"2015";"июнь";"Амелия";"574";
"575";"62367851";"11";"2015";"июнь";"Фатима";"575";
"576";"62367852";"11";"2015";"июнь";"Амалия";"576";
"577";"62367853";"10";"2015";"июнь";"Ариана";"577";
"578";"62367854";"10";"2015";"июнь";"Марианна";"578";
"579";"62367855";"10";"2015";"июнь";"Виолетта";"579";
"580";"62367857";"10";"2015";"июнь";"Каролина";"580";
"581";"62367858";"9";"2015";"июнь";"Альбина";"581";
"582";"62367859";"9";"2015";"июнь";"Аиша";"582";
"583";"62367860";"9";"2015";"июнь";"Марта";"583";
"584";"62367861";"9";"2015";"июнь";"Амира";"584";
"585";"62367862";"9";"2015";"июнь";"Аглая";"585";
"586";"62367863";"9";"2015";"июнь";"Самира";"586";
"587";"62367864";"9";"2015";"июнь";"Эмма";"587";
"588";"62367865";"8";"2015";"июнь";"Малика";"588";
"589";"62367866";"8";"2015";"июнь";"Раяна";"589";
"590";"62367867";"8";"2015";"июнь";"Эвелина";"590";
"591";"62367868";"8";"2015";"июнь";"Наталья";"591";
"592";"62367869";"8";"2015";"июнь";"Анжелика";"592";
"593";"62367870";"8";"2015";"июнь";"Айлин";"593";
"594";"62367871";"8";"2015";"июнь";"Асия";"594";
"595";"62367872";"8";"2015";"июнь";"Аяна";"595";
"596";"62367873";"8";"2015";"июнь";"Агния";"596";
"597";"62367874";"8";"2015";"июнь";"Милослава";"597";
"598";"62367875";"8";"2015";"июнь";"Евангелина";"598";
"599";"62367876";"7";"2015";"июнь";"Алисия";"599";
"600";"62367877";"7";"2015";"июнь";"Сабина";"600";
"601";"62367878";"331";"2015";"июль";"Мария";"601";
"602";"62367879";"287";"2015";"июль";"Анна";"602";
"603";"62367880";"270";"2015";"июль";"Анастасия";"603";
"604";"62367881";"230";"2015";"июль";"София";"604";
"605";"62367882";"226";"2015";"июль";"Виктория";"605";
"606";"62367883";"218";"2015";"июль";"Елизавета";"606";
"607";"62367884";"214";"2015";"июль";"Александра";"607";
"608";"62367885";"203";"2015";"июль";"Полина";"608";
"609";"62367886";"200";"2015";"июль";"Алиса";"609";
"610";"62367887";"191";"2015";"июль";"Варвара";"610";
"611";"62367888";"179";"2015";"июль";"Дарья";"611";
"612";"62367889";"172";"2015";"июль";"Екатерина";"612";
"613";"62367890";"149";"2015";"июль";"Арина";"613";
"614";"62367891";"138";"2015";"июль";"Софья";"614";
"615";"62367892";"133";"2015";"июль";"Ксения";"615";
"616";"62367893";"128";"2015";"июль";"Вероника";"616";
"617";"62367894";"124";"2015";"июль";"Василиса";"617";
"618";"62367895";"122";"2015";"июль";"Валерия";"618";
"619";"62367896";"121";"2015";"июль";"Милана";"619";
"620";"62367897";"121";"2015";"июль";"Ульяна";"620";
"621";"62367898";"107";"2015";"июль";"Ева";"621";
"622";"62367899";"82";"2015";"июль";"Маргарита";"622";
"623";"62367900";"81";"2015";"июль";"Вера";"623";
"624";"62367901";"79";"2015";"июль";"Алёна";"624";
"625";"62367902";"75";"2015";"июль";"Ольга";"625";
"626";"62367903";"74";"2015";"июль";"Кира";"626";
"627";"62367904";"65";"2015";"июль";"Кристина";"627";
"628";"62367905";"61";"2015";"июль";"Юлия";"628";
"629";"62367906";"58";"2015";"июль";"Ангелина";"629";
"630";"62367907";"58";"2015";"июль";"Алина";"630";
"631";"62367908";"55";"2015";"июль";"Таисия";"631";
"632";"62367909";"49";"2015";"июль";"Диана";"632";
"633";"62367911";"46";"2015";"июль";"Амина";"633";
"634";"62367912";"44";"2015";"июль";"Яна";"634";
"635";"62367913";"42";"2015";"июль";"Евгения";"635";
"636";"62367914";"40";"2015";"июль";"Мирослава";"636";
"637";"62367915";"34";"2015";"июль";"Сафия";"637";
"638";"62367916";"29";"2015";"июль";"Ирина";"638";
"639";"62367917";"29";"2015";"июль";"Надежда";"639";
"640";"62367918";"28";"2015";"июль";"Елена";"640";
"641";"62367919";"28";"2015";"июль";"Стефания";"641";
"642";"62367920";"26";"2015";"июль";"Татьяна";"642";
"643";"62367921";"26";"2015";"июль";"Марина";"643";
"644";"62367922";"26";"2015";"июль";"Ника";"644";
"645";"62367924";"25";"2015";"июль";"Аделина";"645";
"646";"62367925";"25";"2015";"июль";"Майя";"646";
"647";"62367926";"24";"2015";"июль";"Элина";"647";
"648";"62367927";"24";"2015";"июль";"Эмилия";"648";
"649";"62367928";"22";"2015";"июль";"Олеся";"649";
"650";"62367929";"22";"2015";"июль";"Ясмина";"650";
"651";"62367930";"22";"2015";"июль";"Агата";"651";
"652";"62367931";"22";"2015";"июль";"Марьям";"652";
"653";"62367932";"21";"2015";"июль";"Аиша";"653";
"654";"62367933";"20";"2015";"июль";"Ярослава";"654";
"655";"62367934";"20";"2015";"июль";"Милена";"655";
"656";"62367936";"19";"2015";"июль";"Злата";"656";
"657";"62367937";"18";"2015";"июль";"Дарина";"657";
"658";"62367938";"18";"2015";"июль";"Любовь";"658";
"659";"62367939";"18";"2015";"июль";"Есения";"659";
"660";"62367940";"15";"2015";"июль";"Антонина";"660";
"661";"62367941";"15";"2015";"июль";"Камилла";"661";
"662";"62367942";"14";"2015";"июль";"Алия";"662";
"663";"62367943";"14";"2015";"июль";"Мила";"663";
"664";"62367944";"14";"2015";"июль";"Каролина";"664";
"665";"62367945";"14";"2015";"июль";"Агния";"665";
"666";"62367946";"14";"2015";"июль";"Эвелина";"666";
"667";"62367947";"14";"2015";"июль";"Светлана";"667";
"668";"62367948";"14";"2015";"июль";"Зоя";"668";
"669";"62367949";"13";"2015";"июль";"Камила";"669";
"670";"62367950";"12";"2015";"июль";"Евангелина";"670";
"671";"62367951";"12";"2015";"июль";"Владислава";"671";
"672";"62367952";"12";"2015";"июль";"Амелия";"672";
"673";"62367953";"12";"2015";"июль";"Лилия";"673";
"674";"62367954";"12";"2015";"июль";"Нина";"674";
"675";"62367955";"12";"2015";"июль";"Раяна";"675";
"676";"62367956";"11";"2015";"июль";"Марианна";"676";
"677";"62367957";"11";"2015";"июль";"Валентина";"677";
"678";"62367958";"11";"2015";"июль";"Карина";"678";
"679";"62367959";"11";"2015";"июль";"Лейла";"679";
"680";"62367960";"11";"2015";"июль";"Николь";"680";
"681";"62367961";"10";"2015";"июль";"Айлин";"681";
"682";"62367962";"10";"2015";"июль";"Юлиана";"682";
"683";"62367964";"10";"2015";"июль";"Малика";"683";
"684";"62367965";"9";"2015";"июль";"Ариана";"684";
"685";"62367966";"9";"2015";"июль";"Наталья";"685";
"686";"62367967";"9";"2015";"июль";"Анжелика";"686";
"687";"62367968";"9";"2015";"июль";"Мира";"687";
"688";"62367969";"9";"2015";"июль";"Марьяна";"688";
"689";"62367970";"9";"2015";"июль";"Самира";"689";
"690";"62367971";"9";"2015";"июль";"Виолетта";"690";
"691";"62367972";"9";"2015";"июль";"Мадина";"691";
"692";"62367973";"9";"2015";"июль";"Аглая";"692";
"693";"62367974";"9";"2015";"июль";"Лада";"693";
"694";"62367975";"9";"2015";"июль";"Лидия";"694";
"695";"62367976";"9";"2015";"июль";"Наталия";"695";
"696";"62367977";"8";"2015";"июль";"Евдокия";"696";
"697";"62367978";"8";"2015";"июль";"Марта";"697";
"698";"62367979";"8";"2015";"июль";"Алсу";"698";
"699";"62367980";"8";"2015";"июль";"Зарина";"699";
"700";"62367981";"8";"2015";"июль";"Амира";"700";
"701";"62367982";"312";"2015";"август";"Мария";"701";
"702";"62367983";"257";"2015";"август";"Анна";"702";
"703";"62367984";"225";"2015";"август";"София";"703";
"704";"62367985";"216";"2015";"август";"Анастасия";"704";
"705";"62367986";"202";"2015";"август";"Елизавета";"705";
"706";"62367987";"201";"2015";"август";"Виктория";"706";
"707";"62367988";"192";"2015";"август";"Полина";"707";
"708";"62367989";"187";"2015";"август";"Дарья";"708";
"709";"62367990";"180";"2015";"август";"Алиса";"709";
"710";"62367991";"159";"2015";"август";"Александра";"710";
"711";"62367993";"149";"2015";"август";"Арина";"711";
"712";"62367994";"148";"2015";"август";"Екатерина";"712";
"713";"62367995";"140";"2015";"август";"Ксения";"713";
"714";"62367996";"133";"2015";"август";"Вероника";"714";
"715";"62367997";"132";"2015";"август";"Варвара";"715";
"716";"62367998";"109";"2015";"август";"Милана";"716";
"717";"62367999";"100";"2015";"август";"Василиса";"717";
"718";"62368000";"97";"2015";"август";"Валерия";"718";
"719";"62368001";"97";"2015";"август";"Ева";"719";
"720";"62368002";"94";"2015";"август";"Софья";"720";
"721";"62368003";"90";"2015";"август";"Ульяна";"721";
"722";"62368004";"81";"2015";"август";"Маргарита";"722";
"723";"62368005";"76";"2015";"август";"Кира";"723";
"724";"62368006";"68";"2015";"август";"Кристина";"724";
"725";"62368007";"68";"2015";"август";"Ольга";"725";
"726";"62368008";"64";"2015";"август";"Таисия";"726";
"727";"62368009";"61";"2015";"август";"Алёна";"727";
"728";"62368010";"61";"2015";"август";"Диана";"728";
"729";"62368011";"60";"2015";"август";"Юлия";"729";
"730";"62368012";"56";"2015";"август";"Алина";"730";
"731";"62368013";"55";"2015";"август";"Вера";"731";
"732";"62368014";"51";"2015";"август";"Мирослава";"732";
"733";"62368015";"50";"2015";"август";"Ангелина";"733";
"734";"62368016";"49";"2015";"август";"Амина";"734";
"735";"62368017";"32";"2015";"август";"Злата";"735";
"736";"62368018";"31";"2015";"август";"Елена";"736";
"737";"62368019";"31";"2015";"август";"Яна";"737";
"738";"62368020";"30";"2015";"август";"Евгения";"738";
"739";"62368021";"30";"2015";"август";"Татьяна";"739";
"740";"62368022";"27";"2015";"август";"Ирина";"740";
"741";"62368023";"27";"2015";"август";"Сафия";"741";
"742";"62368024";"25";"2015";"август";"Аделина";"742";
"743";"62368025";"25";"2015";"август";"Есения";"743";
"744";"62368026";"23";"2015";"август";"Элина";"744";
"745";"62368027";"22";"2015";"август";"Майя";"745";
"746";"62368028";"22";"2015";"август";"Стефания";"746";
"747";"62368029";"21";"2015";"август";"Марина";"747";
"748";"62368030";"19";"2015";"август";"Камилла";"748";
"749";"62368031";"19";"2015";"август";"Милена";"749";
"750";"62368032";"19";"2015";"август";"Надежда";"750";
"751";"62368033";"19";"2015";"август";"Нина";"751";
"752";"62368034";"19";"2015";"август";"Эмилия";"752";
"753";"62368036";"18";"2015";"август";"Агата";"753";
"754";"62368037";"18";"2015";"август";"Светлана";"754";
"755";"62368038";"17";"2015";"август";"Любовь";"755";
"756";"62368039";"17";"2015";"август";"Ярослава";"756";
"757";"62368040";"16";"2015";"август";"Агния";"757";
"758";"62368041";"16";"2015";"август";"Ника";"758";
"759";"62368042";"15";"2015";"август";"Лилия";"759";
"760";"62368043";"15";"2015";"август";"Малика";"760";
"761";"62368044";"15";"2015";"август";"Марьям";"761";
"762";"62368045";"15";"2015";"август";"Николь";"762";
"763";"62368046";"14";"2015";"август";"Амелия";"763";
"764";"62368047";"14";"2015";"август";"Антонина";"764";
"765";"62368048";"13";"2015";"август";"Алия";"765";
"766";"62368049";"13";"2015";"август";"Евангелина";"766";
"767";"62368050";"13";"2015";"август";"Олеся";"767";
"768";"62368051";"13";"2015";"август";"Ясмина";"768";
"769";"62368052";"12";"2015";"август";"Валентина";"769";
"770";"62368053";"12";"2015";"август";"Виолетта";"770";
"771";"62368054";"12";"2015";"август";"Мадина";"771";
"772";"62368055";"12";"2015";"август";"Самира";"772";
"773";"62368056";"11";"2015";"август";"Дарина";"773";
"774";"62368057";"11";"2015";"август";"Зоя";"774";
"775";"62368058";"11";"2015";"август";"Камила";"775";
"776";"62368060";"11";"2015";"август";"Марианна";"776";
"777";"62368061";"11";"2015";"август";"Мила";"777";
"778";"62368062";"10";"2015";"август";"Ариана";"778";
"779";"62368063";"10";"2015";"август";"Карина";"779";
"780";"62368064";"10";"2015";"август";"Оливия";"780";
"781";"62368065";"9";"2015";"август";"Дана";"781";
"782";"62368066";"9";"2015";"август";"Марьяна";"782";
"783";"62368067";"9";"2015";"август";"Наталия";"783";
"784";"62368068";"9";"2015";"август";"Серафима";"784";
"785";"62368069";"8";"2015";"август";"Альбина";"785";
"786";"62368070";"8";"2015";"август";"Аиша";"786";
"787";"62368071";"8";"2015";"август";"Евдокия";"787";
"788";"62368072";"8";"2015";"август";"Лада";"788";
"789";"62368073";"8";"2015";"август";"Мариам";"789";
"790";"62368074";"8";"2015";"август";"Марта";"790";
"791";"62368075";"8";"2015";"август";"Мира";"791";
"792";"62368076";"8";"2015";"август";"Наталья";"792";
"793";"62368077";"8";"2015";"август";"Пелагея";"793";
"794";"62368078";"8";"2015";"август";"Раяна";"794";
"795";"62368079";"8";"2015";"август";"Тамара";"795";
"796";"62368080";"7";"2015";"август";"Аглая";"796";
"797";"62368081";"7";"2015";"август";"Лидия";"797";
"798";"62368082";"7";"2015";"август";"Лина";"798";
"799";"62368083";"7";"2015";"август";"Медина";"799";
"800";"62368084";"7";"2015";"август";"Мелания";"800";
"801";"62368085";"305";"2015";"сентябрь";"Мария";"801";
"802";"62368086";"252";"2015";"сентябрь";"София";"802";
"803";"62368087";"244";"2015";"сентябрь";"Анна";"803";
"804";"62368088";"223";"2015";"сентябрь";"Виктория";"804";
"805";"62368089";"189";"2015";"сентябрь";"Алиса";"805";
"806";"62368090";"188";"2015";"сентябрь";"Анастасия";"806";
"807";"62368091";"184";"2015";"сентябрь";"Полина";"807";
"808";"62368092";"180";"2015";"сентябрь";"Елизавета";"808";
"809";"62368093";"167";"2015";"сентябрь";"Дарья";"809";
"810";"62368094";"153";"2015";"сентябрь";"Ксения";"810";
"811";"62368095";"146";"2015";"сентябрь";"Арина";"811";
"812";"62368096";"140";"2015";"сентябрь";"Варвара";"812";
"813";"62368097";"134";"2015";"сентябрь";"Александра";"813";
"814";"62368098";"130";"2015";"сентябрь";"Екатерина";"814";
"815";"62368099";"126";"2015";"сентябрь";"Василиса";"815";
"816";"62368100";"114";"2015";"сентябрь";"Валерия";"816";
"817";"62368101";"109";"2015";"сентябрь";"Софья";"817";
"818";"62368102";"107";"2015";"сентябрь";"Вероника";"818";
"819";"62368103";"103";"2015";"сентябрь";"Милана";"819";
"820";"62368104";"101";"2015";"сентябрь";"Ева";"820";
"821";"62368105";"85";"2015";"сентябрь";"Вера";"821";
"822";"62368106";"73";"2015";"сентябрь";"Кристина";"822";
"823";"62368108";"72";"2015";"сентябрь";"Ульяна";"823";
"824";"62368109";"70";"2015";"сентябрь";"Кира";"824";
"825";"62368110";"68";"2015";"сентябрь";"Диана";"825";
"826";"62368111";"62";"2015";"сентябрь";"Алёна";"826";
"827";"62368112";"62";"2015";"сентябрь";"Маргарита";"827";
"828";"62368113";"59";"2015";"сентябрь";"Алина";"828";
"829";"62368114";"46";"2015";"сентябрь";"Мирослава";"829";
"830";"62368115";"42";"2015";"сентябрь";"Амина";"830";
"831";"62368117";"41";"2015";"сентябрь";"Таисия";"831";
"832";"62368118";"40";"2015";"сентябрь";"Юлия";"832";
"833";"62368119";"39";"2015";"сентябрь";"Ангелина";"833";
"834";"62368120";"39";"2015";"сентябрь";"Ольга";"834";
"835";"62368121";"34";"2015";"сентябрь";"Ирина";"835";
"836";"62368122";"33";"2015";"сентябрь";"Татьяна";"836";
"837";"62368123";"33";"2015";"сентябрь";"Яна";"837";
"838";"62368125";"32";"2015";"сентябрь";"Евгения";"838";
"839";"62368126";"29";"2015";"сентябрь";"Стефания";"839";
"840";"62368127";"27";"2015";"сентябрь";"Злата";"840";
"841";"62368128";"27";"2015";"сентябрь";"Сафия";"841";
"842";"62368129";"25";"2015";"сентябрь";"Марьям";"842";
"843";"62368130";"24";"2015";"сентябрь";"Любовь";"843";
"844";"62368131";"24";"2015";"сентябрь";"Милена";"844";
"845";"62368133";"23";"2015";"сентябрь";"Елена";"845";
"846";"62368134";"23";"2015";"сентябрь";"Эмилия";"846";
"847";"62368135";"22";"2015";"сентябрь";"Лидия";"847";
"848";"62368136";"22";"2015";"сентябрь";"Ярослава";"848";
"849";"62368137";"20";"2015";"сентябрь";"Марина";"849";
"850";"62368138";"18";"2015";"сентябрь";"Элина";"850";
"851";"62368139";"17";"2015";"сентябрь";"Надежда";"851";
"852";"62368141";"15";"2015";"сентябрь";"Амелия";"852";
"853";"62368142";"15";"2015";"сентябрь";"Агата";"853";
"854";"62368143";"15";"2015";"сентябрь";"Есения";"854";
"855";"62368144";"15";"2015";"сентябрь";"Майя";"855";
"856";"62368145";"14";"2015";"сентябрь";"Анфиса";"856";
"857";"62368146";"14";"2015";"сентябрь";"Дарина";"857";
"858";"62368147";"14";"2015";"сентябрь";"Олеся";"858";
"859";"62368148";"14";"2015";"сентябрь";"Светлана";"859";
"860";"62368149";"14";"2015";"сентябрь";"Фатима";"860";
"861";"62368150";"14";"2015";"сентябрь";"Ясмина";"861";
"862";"62368151";"13";"2015";"сентябрь";"Агния";"862";
"863";"62368152";"13";"2015";"сентябрь";"Каролина";"863";
"864";"62368153";"13";"2015";"сентябрь";"Наталья";"864";
"865";"62368154";"12";"2015";"сентябрь";"Аделина";"865";
"866";"62368155";"12";"2015";"сентябрь";"Лилия";"866";
"867";"62368156";"12";"2015";"сентябрь";"Мила";"867";
"868";"62368157";"12";"2015";"сентябрь";"Ника";"868";
"869";"62368158";"12";"2015";"сентябрь";"Нина";"869";
"870";"62368159";"11";"2015";"сентябрь";"Аиша";"870";
"871";"62368160";"11";"2015";"сентябрь";"Амира";"871";
"872";"62368161";"11";"2015";"сентябрь";"Ариана";"872";
"873";"62368162";"11";"2015";"сентябрь";"Виолетта";"873";
"874";"62368163";"11";"2015";"сентябрь";"Евдокия";"874";
"875";"62368164";"11";"2015";"сентябрь";"Камила";"875";
"876";"62368165";"11";"2015";"сентябрь";"Карина";"876";
"877";"62368166";"11";"2015";"сентябрь";"Мадина";"877";
"878";"62368167";"11";"2015";"сентябрь";"Николь";"878";
"879";"62368168";"11";"2015";"сентябрь";"Сабина";"879";
"880";"62368169";"10";"2015";"сентябрь";"Антонина";"880";
"881";"62368170";"10";"2015";"сентябрь";"Зоя";"881";
"882";"62368171";"10";"2015";"сентябрь";"Эмма";"882";
"883";"62368172";"9";"2015";"сентябрь";"Камилла";"883";
"884";"62368173";"9";"2015";"сентябрь";"Марта";"884";
"885";"62368174";"9";"2015";"сентябрь";"Серафима";"885";
"886";"62368175";"8";"2015";"сентябрь";"Алия";"886";
"887";"62368176";"8";"2015";"сентябрь";"Евангелина";"887";
"888";"62368177";"8";"2015";"сентябрь";"Марфа";"888";
"889";"62368178";"8";"2015";"сентябрь";"Марьяна";"889";
"890";"62368179";"8";"2015";"сентябрь";"Моника";"890";
"891";"62368180";"8";"2015";"сентябрь";"Оливия";"891";
"892";"62368181";"8";"2015";"сентябрь";"Самира";"892";
"893";"62368182";"8";"2015";"сентябрь";"Сумая";"893";
"894";"62368183";"7";"2015";"сентябрь";"Айлин";"894";
"895";"62368184";"7";"2015";"сентябрь";"Алеся";"895";
"896";"62368185";"7";"2015";"сентябрь";"Владислава";"896";
"897";"62368186";"7";"2015";"сентябрь";"Хадиджа";"897";
"898";"62368187";"7";"2015";"сентябрь";"Эвелина";"898";
"899";"62368188";"6";"2015";"сентябрь";"Анжелика";"899";
"900";"62368189";"6";"2015";"сентябрь";"Валентина";"900";
"901";"62368190";"291";"2015";"октябрь";"Мария";"901";
"902";"62368191";"279";"2015";"октябрь";"София";"902";
"903";"62368192";"246";"2015";"октябрь";"Анна";"903";
"904";"62368193";"207";"2015";"октябрь";"Елизавета";"904";
"905";"62368194";"206";"2015";"октябрь";"Анастасия";"905";
"906";"62368195";"196";"2015";"октябрь";"Виктория";"906";
"907";"62368196";"193";"2015";"октябрь";"Полина";"907";
"908";"62368197";"184";"2015";"октябрь";"Дарья";"908";
"909";"62368198";"182";"2015";"октябрь";"Александра";"909";
"910";"62368200";"178";"2015";"октябрь";"Алиса";"910";
"911";"62368201";"158";"2015";"октябрь";"Софья";"911";
"912";"62368202";"150";"2015";"октябрь";"Варвара";"912";
"913";"62368203";"150";"2015";"октябрь";"Екатерина";"913";
"914";"62368204";"140";"2015";"октябрь";"Вероника";"914";
"915";"62368206";"135";"2015";"октябрь";"Арина";"915";
"916";"62368207";"125";"2015";"октябрь";"Василиса";"916";
"917";"62368208";"122";"2015";"октябрь";"Валерия";"917";
"918";"62368209";"115";"2015";"октябрь";"Ксения";"918";
"919";"62368210";"95";"2015";"октябрь";"Вера";"919";
"920";"62368211";"95";"2015";"октябрь";"Милана";"920";
"921";"62368212";"94";"2015";"октябрь";"Ева";"921";
"922";"62368213";"79";"2015";"октябрь";"Таисия";"922";
"923";"62368214";"75";"2015";"октябрь";"Кира";"923";
"924";"62368216";"70";"2015";"октябрь";"Ульяна";"924";
"925";"62368217";"67";"2015";"октябрь";"Маргарита";"925";
"926";"62368218";"57";"2015";"октябрь";"Ольга";"926";
"927";"62368219";"51";"2015";"октябрь";"Алина";"927";
"928";"62368220";"51";"2015";"октябрь";"Кристина";"928";
"929";"62368221";"49";"2015";"октябрь";"Алёна";"929";
"930";"62368222";"48";"2015";"октябрь";"Диана";"930";
"931";"62368223";"45";"2015";"октябрь";"Юлия";"931";
"932";"62368224";"40";"2015";"октябрь";"Татьяна";"932";
"933";"62368225";"39";"2015";"октябрь";"Амина";"933";
"934";"62368226";"39";"2015";"октябрь";"Злата";"934";
"935";"62368227";"38";"2015";"октябрь";"Мирослава";"935";
"936";"62368228";"37";"2015";"октябрь";"Евгения";"936";
"937";"62368229";"34";"2015";"октябрь";"Надежда";"937";
"938";"62368230";"30";"2015";"октябрь";"Эмилия";"938";
"939";"62368231";"28";"2015";"октябрь";"Елена";"939";
"940";"62368232";"28";"2015";"октябрь";"Стефания";"940";
"941";"62368233";"27";"2015";"октябрь";"Аделина";"941";
"942";"62368234";"27";"2015";"октябрь";"Есения";"942";
"943";"62368235";"26";"2015";"октябрь";"Ирина";"943";
"944";"62368236";"25";"2015";"октябрь";"Яна";"944";
"945";"62368237";"23";"2015";"октябрь";"Ангелина";"945";
"946";"62368238";"23";"2015";"октябрь";"Майя";"946";
"947";"62368239";"23";"2015";"октябрь";"Сафия";"947";
"948";"62368240";"23";"2015";"октябрь";"Элина";"948";
"949";"62368241";"22";"2015";"октябрь";"Ярослава";"949";
"950";"62368242";"21";"2015";"октябрь";"Марьям";"950";
"951";"62368243";"21";"2015";"октябрь";"Светлана";"951";
"952";"62368244";"20";"2015";"октябрь";"Марина";"952";
"953";"62368245";"20";"2015";"октябрь";"Николь";"953";
"954";"62368246";"19";"2015";"октябрь";"Милена";"954";
"955";"62368247";"18";"2015";"октябрь";"Дарина";"955";
"956";"62368248";"17";"2015";"октябрь";"Агата";"956";
"957";"62368249";"17";"2015";"октябрь";"Любовь";"957";
"958";"62368250";"17";"2015";"октябрь";"Оливия";"958";
"959";"62368251";"17";"2015";"октябрь";"Ясмина";"959";
"960";"62368252";"16";"2015";"октябрь";"Лилия";"960";
"961";"62368254";"16";"2015";"октябрь";"Наталья";"961";
"962";"62368255";"16";"2015";"октябрь";"Олеся";"962";
"963";"62368256";"15";"2015";"октябрь";"Лидия";"963";
"964";"62368257";"15";"2015";"октябрь";"Малика";"964";
"965";"62368258";"15";"2015";"октябрь";"Мила";"965";
"966";"62368259";"14";"2015";"октябрь";"Алисия";"966";
"967";"62368260";"14";"2015";"октябрь";"Антонина";"967";
"968";"62368261";"14";"2015";"октябрь";"Карина";"968";
"969";"62368262";"14";"2015";"октябрь";"Нина";"969";
"970";"62368263";"14";"2015";"октябрь";"Пелагея";"970";
"971";"62368264";"13";"2015";"октябрь";"Владислава";"971";
"972";"62368265";"13";"2015";"октябрь";"Камила";"972";
"973";"62368266";"13";"2015";"октябрь";"Самира";"973";
"974";"62368267";"13";"2015";"октябрь";"Фатима";"974";
"975";"62368268";"12";"2015";"октябрь";"Марьяна";"975";
"976";"62368269";"12";"2015";"октябрь";"Ника";"976";
"977";"62368270";"11";"2015";"октябрь";"Агния";"977";
"978";"62368271";"11";"2015";"октябрь";"Евдокия";"978";
"979";"62368272";"11";"2015";"октябрь";"Марта";"979";
"980";"62368273";"11";"2015";"октябрь";"Тамара";"980";
"981";"62368274";"10";"2015";"октябрь";"Аглая";"981";
"982";"62368275";"10";"2015";"октябрь";"Ариана";"982";
"983";"62368276";"10";"2015";"октябрь";"Камилла";"983";
"984";"62368277";"10";"2015";"октябрь";"Мадина";"984";
"985";"62368278";"10";"2015";"октябрь";"Мия";"985";
"986";"62368279";"10";"2015";"октябрь";"Серафима";"986";
"987";"62368280";"10";"2015";"октябрь";"Эвелина";"987";
"988";"62368281";"9";"2015";"октябрь";"Евангелина";"988";
"989";"62368283";"8";"2015";"октябрь";"Амелия";"989";
"990";"62368284";"8";"2015";"октябрь";"Альбина";"990";
"991";"62368285";"8";"2015";"октябрь";"Аврора";"991";
"992";"62368286";"8";"2015";"октябрь";"Алия";"992";
"993";"62368288";"8";"2015";"октябрь";"Анфиса";"993";
"994";"62368289";"8";"2015";"октябрь";"Виолетта";"994";
"995";"62368290";"8";"2015";"октябрь";"Зоя";"995";
"996";"62368291";"8";"2015";"октябрь";"Лейла";"996";
"997";"62368292";"8";"2015";"октябрь";"Станислава";"997";
"998";"62368293";"7";"2015";"октябрь";"Алеся";"998";
"999";"62368294";"7";"2015";"октябрь";"Амалия";"999";
"1000";"62368295";"7";"2015";"октябрь";"Анисия";"1000";
"1001";"62368297";"241";"2015";"ноябрь";"Мария";"1001";
"1002";"62368298";"229";"2015";"ноябрь";"Анна";"1002";
"1003";"62368299";"215";"2015";"ноябрь";"Анастасия";"1003";
"1004";"62368300";"214";"2015";"ноябрь";"Елизавета";"1004";
"1005";"62368301";"211";"2015";"ноябрь";"София";"1005";
"1006";"62368302";"206";"2015";"ноябрь";"Виктория";"1006";
"1007";"62368303";"187";"2015";"ноябрь";"Полина";"1007";
"1008";"62368304";"171";"2015";"ноябрь";"Алиса";"1008";
"1009";"62368305";"160";"2015";"ноябрь";"Дарья";"1009";
"1010";"62368306";"160";"2015";"ноябрь";"Екатерина";"1010";
"1011";"62368307";"146";"2015";"ноябрь";"Александра";"1011";
"1012";"62368308";"140";"2015";"ноябрь";"Варвара";"1012";
"1013";"62368309";"133";"2015";"ноябрь";"Арина";"1013";
"1014";"62368310";"111";"2015";"ноябрь";"Ева";"1014";
"1015";"62368311";"107";"2015";"ноябрь";"Вероника";"1015";
"1016";"62368312";"103";"2015";"ноябрь";"Валерия";"1016";
"1017";"62368313";"102";"2015";"ноябрь";"Василиса";"1017";
"1018";"62368314";"101";"2015";"ноябрь";"Ксения";"1018";
"1019";"62368315";"96";"2015";"ноябрь";"Софья";"1019";
"1020";"62368316";"86";"2015";"ноябрь";"Милана";"1020";
"1021";"62368317";"76";"2015";"ноябрь";"Ульяна";"1021";
"1022";"62368318";"68";"2015";"ноябрь";"Таисия";"1022";
"1023";"62368319";"64";"2015";"ноябрь";"Кира";"1023";
"1024";"62368320";"63";"2015";"ноябрь";"Вера";"1024";
"1025";"62368321";"61";"2015";"ноябрь";"Маргарита";"1025";
"1026";"62368322";"53";"2015";"ноябрь";"Алёна";"1026";
"1027";"62368323";"52";"2015";"ноябрь";"Алина";"1027";
"1028";"62368324";"46";"2015";"ноябрь";"Кристина";"1028";
"1029";"62368325";"45";"2015";"ноябрь";"Злата";"1029";
"1030";"62368326";"44";"2015";"ноябрь";"Ольга";"1030";
"1031";"62368327";"42";"2015";"ноябрь";"Мирослава";"1031";
"1032";"62368328";"40";"2015";"ноябрь";"Амина";"1032";
"1033";"62368329";"39";"2015";"ноябрь";"Диана";"1033";
"1034";"62368330";"32";"2015";"ноябрь";"Ирина";"1034";
"1035";"62368331";"32";"2015";"ноябрь";"Юлия";"1035";
"1036";"62368332";"31";"2015";"ноябрь";"Стефания";"1036";
"1037";"62368333";"27";"2015";"ноябрь";"Марина";"1037";
"1038";"62368334";"27";"2015";"ноябрь";"Татьяна";"1038";
"1039";"62368335";"25";"2015";"ноябрь";"Ярослава";"1039";
"1040";"62368336";"24";"2015";"ноябрь";"Елена";"1040";
"1041";"62368337";"22";"2015";"ноябрь";"Евгения";"1041";
"1042";"62368338";"22";"2015";"ноябрь";"Марьям";"1042";
"1043";"62368339";"22";"2015";"ноябрь";"Надежда";"1043";
"1044";"62368340";"22";"2015";"ноябрь";"Элина";"1044";
"1045";"62368341";"21";"2015";"ноябрь";"Есения";"1045";
"1046";"62368343";"20";"2015";"ноябрь";"Ангелина";"1046";
"1047";"62368344";"19";"2015";"ноябрь";"Агата";"1047";
"1048";"62368345";"19";"2015";"ноябрь";"Нина";"1048";
"1049";"62368346";"19";"2015";"ноябрь";"Сафия";"1049";
"1050";"62368347";"19";"2015";"ноябрь";"Светлана";"1050";
"1051";"62368349";"18";"2015";"ноябрь";"Аделина";"1051";
"1052";"62368350";"18";"2015";"ноябрь";"Николь";"1052";
"1053";"62368351";"17";"2015";"ноябрь";"Эмилия";"1053";
"1054";"62368352";"16";"2015";"ноябрь";"Яна";"1054";
"1055";"62368354";"15";"2015";"ноябрь";"Агния";"1055";
"1056";"62368355";"15";"2015";"ноябрь";"Карина";"1056";
"1057";"62368356";"15";"2015";"ноябрь";"Ника";"1057";
"1058";"62368357";"14";"2015";"ноябрь";"Лилия";"1058";
"1059";"62368359";"13";"2015";"ноябрь";"Амира";"1059";
"1060";"62368360";"13";"2015";"ноябрь";"Лидия";"1060";
"1061";"62368361";"13";"2015";"ноябрь";"Любовь";"1061";
"1062";"62368362";"13";"2015";"ноябрь";"Майя";"1062";
"1063";"62368363";"13";"2015";"ноябрь";"Милена";"1063";
"1064";"62368364";"13";"2015";"ноябрь";"Ясмина";"1064";
"1065";"62368365";"12";"2015";"ноябрь";"Амелия";"1065";
"1066";"62368366";"12";"2015";"ноябрь";"Антонина";"1066";
"1067";"62368367";"11";"2015";"ноябрь";"Зоя";"1067";
"1068";"62368368";"11";"2015";"ноябрь";"Мадина";"1068";
"1069";"62368369";"11";"2015";"ноябрь";"Малика";"1069";
"1070";"62368370";"11";"2015";"ноябрь";"Оливия";"1070";
"1071";"62368371";"11";"2015";"ноябрь";"Фатима";"1071";
"1072";"62368372";"10";"2015";"ноябрь";"Ариана";"1072";
"1073";"62368373";"10";"2015";"ноябрь";"Алия";"1073";
"1074";"62368374";"10";"2015";"ноябрь";"Дарина";"1074";
"1075";"62368375";"10";"2015";"ноябрь";"Олеся";"1075";
"1076";"62368376";"9";"2015";"ноябрь";"Валентина";"1076";
"1077";"62368377";"9";"2015";"ноябрь";"Камилла";"1077";
"1078";"62368378";"9";"2015";"ноябрь";"Наталья";"1078";
"1079";"62368379";"8";"2015";"ноябрь";"Амалия";"1079";
"1080";"62368381";"8";"2015";"ноябрь";"Виолетта";"1080";
"1081";"62368382";"8";"2015";"ноябрь";"Евдокия";"1081";
"1082";"62368383";"8";"2015";"ноябрь";"Мира";"1082";
"1083";"62368384";"8";"2015";"ноябрь";"Пелагея";"1083";
"1084";"62368385";"8";"2015";"ноябрь";"Сабина";"1084";
"1085";"62368386";"8";"2015";"ноябрь";"Тамара";"1085";
"1086";"62368387";"7";"2015";"ноябрь";"Анфиса";"1086";
"1087";"62368388";"7";"2015";"ноябрь";"Аиша";"1087";
"1088";"62368389";"7";"2015";"ноябрь";"Дана";"1088";
"1089";"62368390";"7";"2015";"ноябрь";"Лейла";"1089";
"1090";"62368391";"7";"2015";"ноябрь";"Луиза";"1090";
"1091";"62368392";"7";"2015";"ноябрь";"Марианна";"1091";
"1092";"62368393";"7";"2015";"ноябрь";"Мия";"1092";
"1093";"62368394";"7";"2015";"ноябрь";"Нелли";"1093";
"1094";"62368395";"7";"2015";"ноябрь";"Самира";"1094";
"1095";"62368396";"6";"2015";"ноябрь";"Айлин";"1095";
"1096";"62368397";"6";"2015";"ноябрь";"Алсу";"1096";
"1097";"62368398";"6";"2015";"ноябрь";"Алеся";"1097";
"1098";"62368399";"6";"2015";"ноябрь";"Жасмин";"1098";
"1099";"62368400";"6";"2015";"ноябрь";"Лиана";"1099";
"1100";"62368401";"6";"2015";"ноябрь";"Мила";"1100";
"1101";"64210905";"257";"2015";"декабрь";"Мари";"1101";
"1102";"64212052";"237";"2015";"декабрь";"Анн";"1102";
"1103";"64212087";"222";"2015";"декабрь";"Софи";"1103";
"1104";"64212108";"218";"2015";"декабрь";"Виктори";"1104";
"1105";"64212560";"209";"2015";"декабрь";"Анастаси";"1105";
"1106";"64212589";"209";"2015";"декабрь";"Варвара";"1106";
"1107";"64212663";"199";"2015";"декабрь";"Екатерина";"1107";
"1108";"64212691";"191";"2015";"декабрь";"Елизавета";"1108";
"1109";"64213389";"190";"2015";"декабрь";"Полина";"1109";
"1110";"64213425";"174";"2015";"декабрь";"Александра";"1110";
"1111";"64213620";"171";"2015";"декабрь";"Алиса";"1111";
"1112";"64213652";"160";"2015";"декабрь";"Дарья";"1112";
"1113";"64213706";"124";"2015";"декабрь";"Ксения";"1113";
"1114";"64213749";"124";"2015";"декабрь";"Софья";"1114";
"1115";"64213815";"123";"2015";"декабрь";"Валерия";"1115";
"1116";"64213852";"114";"2015";"декабрь";"Вероника";"1116";
"1117";"64214324";"113";"2015";"декабрь";"Арина";"1117";
"1118";"64214495";"111";"2015";"декабрь";"Ева";"1118";
"1119";"64214516";"102";"2015";"декабрь";"Василиса";"1119";
"1120";"64214628";"100";"2015";"декабрь";"Милана";"1120";
"1121";"64214677";"96";"2015";" декабрь";"Ульяна";"1121";
"1122";"64214692";"84";"2015";" декабрь";"Кира";"1122";
"1123";"64214776";"73";"2015";" декабрь";"Вера";"1123";
"1124";"64214831";"65";"2015";" декабрь";"Маргарита";"1124";
"1125";"64214975";"56";"2015";" декабрь";"Кристина";"1125";
"1126";"64215297";"54";"2015";" декабрь";"Таисия";"1126";
"1127";"64215312";"52";"2015";" декабрь";"Алёна";"1127";
"1128";"64215337";"50";"2015";" декабрь";"Ольга";"1128";
"1129";"64215363";"48";"2015";" декабрь";"Алина";"1129";
"1130";"64215370";"46";"2015";" декабрь";"Ангелина";"1130";
"1131";"64215387";"45";"2015";" декабрь";"Амина";"1131";
"1132";"64215408";"39";"2015";" декабрь";"Яна";"1132";
"1133";"64215424";"37";"2015";" декабрь";"Диана";"1133";
"1134";"64215433";"37";"2015";" декабрь";"Мирослава";"1134";
"1135";"64215453";"36";"2015";" декабрь";"Стефания";"1135";
"1136";"64215469";"36";"2015";" декабрь";"Юлия";"1136";
"1137";"64218237";"32";"2015";" декабрь";"Татьяна";"1137";
"1138";"64218249";"31";"2015";" декабрь";"Есения";"1138";
"1139";"64218265";"31";"2015";" декабрь";"Злата";"1139";
"1140";"64218280";"30";"2015";" декабрь";"Эмилия";"1140";
"1141";"64218301";"27";"2015";" декабрь";"Аделина";"1141";
"1142";"64218327";"27";"2015";" декабрь";"Элина";"1142";
"1143";"64218358";"26";"2015";" декабрь";"Марьям";"1143";
"1144";"64218378";"26";"2015";" декабрь";"Ярослава";"1144";
"1145";"64218400";"25";"2015";" декабрь";"Евгения";"1145";
"1146";"64218427";"25";"2015";" декабрь";"Николь";"1146";
"1147";"64218467";"24";"2015";" декабрь";"Марина";"1147";
"1148";"64218555";"24";"2015";" декабрь";"Ника";"1148";
"1149";"64218574";"20";"2015";" декабрь";"Милена";"1149";
"1150";"64218595";"20";"2015";" декабрь";"Надежда";"1150";
"1151";"64218604";"19";"2015";" декабрь";"Майя";"1151";
"1152";"64218622";"18";"2015";" декабрь";"Агата";"1152";
"1153";"64218641";"18";"2015";" декабрь";"Дарина";"1153";
"1154";"64218655";"18";"2015";" декабрь";"Сафия";"1154";
"1155";"64218665";"17";"2015";" декабрь";"Елена";"1155";
"1156";"64218681";"17";"2015";" декабрь";"Ясмина";"1156";
"1157";"64218701";"16";"2015";" декабрь";"Ирина";"1157";
"1158";"64218727";"16";"2015";" декабрь";"Олеся";"1158";
"1159";"64218750";"16";"2015";" декабрь";"Светлана";"1159";
"1160";"64218762";"16";"2015";" декабрь";"Серафима";"1160";
"1161";"64218781";"15";"2015";" декабрь";"Карина";"1161";
"1162";"64218802";"15";"2015";" декабрь";"Любовь";"1162";
"1163";"64218811";"14";"2015";" декабрь";"Оливия";"1163";
"1164";"64218824";"13";"2015";" декабрь";"Лилия";"1164";
"1165";"64218839";"13";"2015";" декабрь";"Нина";"1165";
"1166";"64218860";"12";"2015";" декабрь";"Амелия";"1166";
"1167";"64218879";"12";"2015";" декабрь";"Антонина";"1167";
"1168";"64218898";"12";"2015";" декабрь";"Малика";"1168";
"1169";"64218924";"12";"2015";" декабрь";"Марта";"1169";
"1170";"64218932";"12";"2015";" декабрь";"Марьяна";"1170";
"1171";"64218952";"12";"2015";" декабрь";"Мила";"1171";
"1172";"64218976";"11";"2015";" декабрь";"Амира";"1172";
"1173";"64218989";"11";"2015";" декабрь";"Агния";"1173";
"1174";"64219005";"11";"2015";" декабрь";"Ариана";"1174";
"1175";"64219021";"11";"2015";" декабрь";"Валентина";"1175";
"1176";"64219092";"10";"2015";" декабрь";"Василина";"1176";
"1177";"64219110";"10";"2015";" декабрь";"Камила";"1177";
"1178";"64219123";"10";"2015";" декабрь";"Каролина";"1178";
"1179";"64219143";"10";"2015";" декабрь";"Лидия";"1179";
"1180";"64219155";"10";"2015";" декабрь";"Эвелина";"1180";
"1181";"64219184";"9";"2015";"декабрь";"Алия";"1181";
"1182";"64219195";"9";"2015";"декабрь";"Адель";"1182";
"1183";"64219216";"9";"2015";"декабрь";"Владислава";"1183";
"1184";"64219238";"9";"2015";"декабрь";"Зоя";"1184";
"1185";"64219254";"9";"2015";"декабрь";"Камилла";"1185";
"1186";"64219264";"9";"2015";"декабрь";"Людмила";"1186";
"1187";"64219401";"9";"2015";"декабрь";"Наталья";"1187";
"1188";"64219411";"9";"2015";"декабрь";"Самира";"1188";
"1189";"64219425";"9";"2015";"декабрь";"Фатима";"1189";
"1190";"64219441";"8";"2015";"декабрь";"Аиша";"1190";
"1191";"64219457";"8";"2015";"декабрь";"Виолетта";"1191";
"1192";"64219498";"8";"2015";"декабрь";"Милослава";"1192";
"1193";"64219516";"8";"2015";"декабрь";"Нелли";"1193";
"1194";"64219527";"8";"2015";"декабрь";"Сабина";"1194";
"1195";"64219540";"7";"2015";"декабрь";"Анисия";"1195";
"1196";"64219561";"7";"2015";"декабрь";"Аниса";"1196";
"1197";"64219577";"7";"2015";"декабрь";"Аглая";"1197";
"1198";"64219589";"7";"2015";"декабрь";"Алсу";"1198";
"1199";"64219601";"7";"2015";"декабрь";"Мадина";"1199";
"1200";"64219617";"7";"2015";"декабрь";"Марианна";"1200";
"1201";"64513388";"248";"2016";"январь";"Мария";"1201";
"1202";"64513391";"210";"2016";"январь";"София";"1202";
"1203";"64513392";"201";"2016";"январь";"Анастасия";"1203";
"1204";"64513393";"188";"2016";"январь";"Полина";"1204";
"1205";"64513398";"166";"2016";"январь";"Варвара";"1205";
"1206";"64522518";"165";"2016";"январь";"Алиса";"1206";
"1207";"64522602";"163";"2016";"январь";"Анна";"1207";
"1208";"64522658";"161";"2016";"январь";"Александра";"1208";
"1209";"64522708";"158";"2016";"январь";"Виктория";"1209";
"1210";"64522755";"156";"2016";"январь";"Ксения";"1210";
"1211";"64522812";"148";"2016";"январь";"Елизавета";"1211";
"1212";"64523348";"141";"2016";"январь";"Дарья";"1212";
"1213";"64533469";"136";"2016";"январь";"Екатерина";"1213";
"1214";"64534070";"135";"2016";"январь";"Арина";"1214";
"1215";"64534071";"121";"2016";"январь";"Софья";"1215";
"1216";"64534072";"112";"2016";"январь";"Василиса";"1216";
"1217";"64534073";"99";"2016";" январь";"Милана";"1217";
"1218";"64534074";"87";"2016";" январь";"Вероника";"1218";
"1219";"64534075";"84";"2016";" январь";"Валерия";"1219";
"1220";"64534076";"78";"2016";" январь";"Ева";"1220";
"1221";"64534077";"74";"2016";" январь";"Ульяна";"1221";
"1222";"64534078";"71";"2016";" январь";"Кира";"1222";
"1223";"64534079";"61";"2016";" январь";"Вера";"1223";
"1224";"64534080";"53";"2016";" январь";"Татьяна";"1224";
"1225";"64534081";"52";"2016";" январь";"Таисия";"1225";
"1226";"64534082";"51";"2016";" январь";"Маргарита";"1226";
"1227";"64534083";"47";"2016";" январь";"Алёна";"1227";
"1228";"64534084";"46";"2016";" январь";"Юлия";"1228";
"1229";"64534485";"45";"2016";" январь";"Кристина";"1229";
"1230";"64534886";"42";"2016";" январь";"Алина";"1230";
"1231";"64534887";"42";"2016";" январь";"Диана";"1231";
"1232";"64534888";"37";"2016";" январь";"Амина";"1232";
"1233";"64534889";"37";"2016";" январь";"Мирослава";"1233";
"1234";"64535458";"37";"2016";" январь";"Ольга";"1234";
"1235";"64535500";"35";"2016";" январь";"Ангелина";"1235";
"1236";"64535815";"30";"2016";" январь";"Евгения";"1236";
"1237";"64535857";"27";"2016";" январь";"Стефания";"1237";
"1238";"64535901";"26";"2016";" январь";"Яна";"1238";
"1239";"64535972";"25";"2016";" январь";"Есения";"1239";
"1240";"64536013";"25";"2016";" январь";"Злата";"1240";
"1241";"64536060";"24";"2016";" январь";"Елена";"1241";
"1242";"64536100";"23";"2016";" январь";"Ирина";"1242";
"1243";"64536148";"22";"2016";" январь";"Аделина";"1243";
"1244";"64536656";"21";"2016";" январь";"Агата";"1244";
"1245";"64536734";"20";"2016";" январь";"Эмилия";"1245";
"1246";"64536780";"19";"2016";" январь";"Николь";"1246";
"1247";"64536869";"19";"2016";" январь";"Элина";"1247";
"1248";"64536910";"18";"2016";" январь";"Майя";"1248";
"1249";"64537053";"18";"2016";" январь";"Надежда";"1249";
"1250";"64537099";"17";"2016";" январь";"Марина";"1250";
"1251";"64537109";"17";"2016";" январь";"Сафия";"1251";
"1252";"64537111";"16";"2016";" январь";"Дарина";"1252";
"1253";"64537162";"16";"2016";" январь";"Ярослава";"1253";
"1254";"64540926";"15";"2016";" январь";"Агния";"1254";
"1255";"64540927";"15";"2016";" январь";"Нина";"1255";
"1256";"64540928";"14";"2016";" январь";"Айлин";"1256";
"1257";"64540929";"14";"2016";" январь";"Зоя";"1257";
"1258";"64540930";"14";"2016";" январь";"Серафима";"1258";
"1259";"64540931";"14";"2016";" январь";"Ясмина";"1259";
"1260";"64540932";"13";"2016";" январь";"Лидия";"1260";
"1261";"64540933";"12";"2016";" январь";"Аиша";"1261";
"1262";"64540934";"12";"2016";" январь";"Лилия";"1262";
"1263";"64540961";"12";"2016";" январь";"Марианна";"1263";
"1264";"64541542";"12";"2016";" январь";"Милена";"1264";
"1265";"64541543";"12";"2016";" январь";"Ника";"1265";
"1266";"64541544";"12";"2016";" январь";"Раяна";"1266";
"1267";"64541545";"12";"2016";" январь";"Светлана";"1267";
"1268";"64541546";"11";"2016";" январь";"Антонина";"1268";
"1269";"64541547";"11";"2016";" январь";"Камилла";"1269";
"1270";"64541548";"11";"2016";" январь";"Сабина";"1270";
"1271";"64541549";"11";"2016";" январь";"Самира";"1271";
"1272";"64541550";"10";"2016";" январь";"Аглая";"1272";
"1273";"64541551";"10";"2016";" январь";"Ариана";"1273";
"1274";"64541552";"10";"2016";" январь";"Наталья";"1274";
"1275";"64541553";"10";"2016";" январь";"Оливия";"1275";
"1276";"64541554";"9";"2016";"январь";"Алия";"1276";
"1277";"64541555";"9";"2016";"январь";"Алисия";"1277";
"1278";"64541556";"9";"2016";"январь";"Аниса";"1278";
"1279";"64541557";"9";"2016";"январь";"Виолетта";"1279";
"1280";"64541558";"9";"2016";"январь";"Камила";"1280";
"1281";"64541767";"9";"2016";"январь";"Лейла";"1281";
"1282";"64541823";"9";"2016";"январь";"Любовь";"1282";
"1283";"64542291";"9";"2016";"январь";"Малика";"1283";
"1284";"64542331";"9";"2016";"январь";"Марьям";"1284";
"1285";"64542368";"9";"2016";"январь";"Тамара";"1285";
"1286";"64542409";"8";"2016";"январь";"Альбина";"1286";
"1287";"64542457";"8";"2016";"январь";"Евдокия";"1287";
"1288";"64542505";"8";"2016";"январь";"Мила";"1288";
"1289";"64542546";"7";"2016";"январь";"Амалия";"1289";
"1290";"64542588";"7";"2016";"январь";"Анфиса";"1290";
"1291";"64542626";"7";"2016";"январь";"Асия";"1291";
"1292";"64542689";"7";"2016";"январь";"Карина";"1292";
"1293";"64542737";"7";"2016";"январь";"Олеся";"1293";
"1294";"64542772";"7";"2016";"январь";"Фатима";"1294";
"1295";"64542773";"6";"2016";"январь";"Анисия";"1295";
"1296";"64542774";"6";"2016";"январь";"Аяна";"1296";
"1297";"64542775";"6";"2016";"январь";"Жасмина";"1297";
"1298";"64542776";"6";"2016";"январь";"Каролина";"1298";
"1299";"64542777";"6";"2016";"январь";"Лиана";"1299";
"1300";"64542778";"6";"2016";"январь";"Мадина";"1300";
"1301";"140203075";"284";"2016";"февраль";" Мария";"1301";
"1302";"140203246";"242";"2016";"февраль";" Анна";"1302";
"1303";"140203380";"224";"2016";"февраль";" София";"1303";
"1304";"140203556";"202";"2016";"февраль";" Анастасия";"1304";
"1305";"140203688";"199";"2016";"февраль";" Полина";"1305";
"1306";"140203817";"187";"2016";"февраль";" Виктория";"1306";
"1307";"140204039";"180";"2016";"февраль";" Ксения";"1307";
"1308";"140204194";"163";"2016";"февраль";" Елизавета";"1308";
"1309";"140204359";"160";"2016";"февраль";" Алиса";"1309";
"1310";"140204535";"157";"2016";"февраль";" Александра";"1310";
